{"ProjectBreakpoints":"{\"Value\":{\"Populate_DailyFund/Get_YahooFin_DailyData.xaml\":[{\"ConditionalExpression\":null,\"ActionExpression\":null,\"ExpectedHitCounter\":null,\"ShouldContinueAfterAction\":false,\"IsEnabled\":true,\"ActivityId\":\"1.107\",\"ActivityName\":\"Log Message\"}]}}","ProjectWatches":"{\"Value\":[{\"Id\":\"8a711b51-bfac-4073-9b5f-633eddb63d56\",\"Expression\":\"Fund\"},{\"Id\":\"bbf73071-0966-42a8-89ed-1af571cc40b9\",\"Expression\":\"\"}]}","OpenedDocuments":"[\"Main.xaml\"]"}